{"T1+C COR_mean": 151.47848052550924, "T1+C COR_std": 80.2368833311927, "T1+C_mean": 144.1020349358199, "T1+C_std": 73.40719368646585, "T2_mean": 99.15828950121029, "T2_std": 95.29549011490083}
